Title,SKU,Price,Weight (oz),Quantity,Condition,Category,Status,Notes
DULU Herbal Tonic 500ml Traditional Herbal Wellness Drink,DULU-010,35.00,19.14,1,NEW,auto: herbal tonic drink,READY,
SURI Herbal Drink 500ml Traditional Botanical Wellness Drink,SURI-009,35.00,19.04,1,NEW,auto: herbal tonic drink,READY,
Maxsuri Max Active Herbal Drink Mix 10 Sachets Men's Wellness,SACH-007,15.00,4.2,1,NEW,auto: herbal supplement powder sachets,READY,
Maxsuri Maxactive Plus 125ml Herbal Wellness Supplement for Men,MAX-002,15.00,5.99,1,NEW,auto: herbal supplement liquid,READY,
Maxsuri Premium Herbal Soap Bar Botanical Cleansing Soap Single,SOAP-004,4.00,3.275,1,NEW,auto: herbal bar soap,READY,
Maxsuri Premium Herbal Soap 8 Bar Value Pack Botanical Cleansing Bars,SOAP8-008,25.00,21.98,1,NEW,auto: herbal bar soap,READY,
Maxsuri Charcoal Toothpaste 150g Fluoride-Free Activated Charcoal,CHAR-001,8.00,5.98,1,NEW,auto: charcoal toothpaste,READY,
Maxsuri 6-in-1 Coffee 10 Sachets Reishi Cordyceps Tongkat Ali Coffee,COF-003,15.00,4.22,1,NEW,auto: instant coffee sachets,READY,
Kids' Pajama Set — Blue (Top & Bottom),,8.00,,,,,SKIP,"website shows a sample drawing, not a real photo"
Kids' Pajama Set — Pink (Top & Bottom),,8.00,,,,,SKIP,"website shows a sample drawing, not a real photo"
Akiliwo Crystal Hair Eraser Painless Reusable Hair Removal Tool,HAIR-005,15.99,1.785,1,NEW,auto: crystal hair eraser hair removal,READY,
Y38 Wireless Ear Wax Removal Tool with Camera WiFi Otoscope iPhone Android,EAR-006,12.99,1.83,1,NEW,auto: ear wax removal camera,READY,
Vintage Christmas Musical Carousel Merry-Go-Round Train Holly Decor,XMAS-CAROUSEL,25.00,42.32,1,USED_EXCELLENT,auto: christmas musical carousel,READY,
Department 56 Heritage Village Shingle Creek House Lighted Christmas Village,XMAS-D56-SHINGLE-CREEK,23.00,28.02,1,USED_EXCELLENT,auto: Department 56 village house,READY,
Department 56 Dickens' Village Bell Tower with Children in Box,XMAS-D56-DICKENS-BELL,84.00,17.18,1,USED_EXCELLENT,auto: Department 56 Dickens Village,READY,
Godzilla Super Kaiju SpaceGodzilla '94 Action Figure in Box,TOY-SPACEGODZILLA-94,25.00,12.62,1,NEW,auto: Godzilla action figure,NEEDS INFO,confirm: is it new/unopened or used? - set condition (NEW or USED_EXCELLENT) then confirm=None
Last Bus to Where: A Japa Thriller by Jibril Ahmed Paperback NEW,LAST-BUS-978,19.99,9.78,100,NEW,,PAUSED,selling on akiliwomarketplace.com first; relist with pause_book.py resume
Rosanne Cash Seven Year Ache Vinyl LP Record 1981,LP-CASH-SEVEN-YEAR-ACHE,10.00,4.93,1,USED_GOOD,176985,READY,
George Carlin Occupation: Foole Vinyl LP Comedy Record 1973,LP-CARLIN-OCCUPATION-FOOLE,8.00,8.24,1,USED_GOOD,176985,READY,
Jim Reeves Pure Gold Volume One Vinyl LP RCA ANL1-3014 Stereo Country,LP-REEVES-PURE-GOLD-V1,8.00,6.02,1,USED_GOOD,176985,READY,
Alabama Self-Titled Vinyl LP Record Country Album,LP-ALABAMA,10.00,3.895,1,USED_GOOD,176985,READY,
The Brutal Telling by Louise Penny Hardcover Chief Inspector Gamache #5,BK-PENNY-BRUTAL,6.00,22.26,1,USED_GOOD,261186,READY,
The Girl Who Played with Fire by Stieg Larsson Paperback Millennium #2,BK-LARSSON-FIRE,5.00,12.8,1,USED_GOOD,261186,READY,
The House in the Night by Susan Marie Swanson Board Book Caldecott,BK-HOUSE-NIGHT,6.00,16.26,1,USED_GOOD,261186,READY,
The Opposite of Fate: A Book of Musings by Amy Tan Hardcover,BK-TAN-FATE,6.00,16.8,1,USED_GOOD,261186,READY,
Dancing the Dream by Jamie Sams Seven Sacred Paths Paperback,BK-SAMS-DREAM,10.00,8.04,1,USED_GOOD,261186,READY,
Pretties by Scott Westerfeld Paperback Uglies Series Book 2,BK-WESTERFELD-PRETTIES,5.00,11.4,1,USED_GOOD,261186,READY,
DIY Wrap Bracelets by Keiko Sakamoto 28 Designs Paperback,BK-WRAP-BRACELETS,7.00,26.88,1,USED_GOOD,261186,READY,
Writing Fabulous Sentences & Paragraphs Evan-Moor Grades 4-6 EMC 575,BK-EVANMOOR-SENTENCES,5.00,11.68,1,USED_GOOD,261186,READY,
Baby on the Way by William Sears & Martha Sears Hardcover,BK-SEARS-BABY,5.00,12.74,1,USED_GOOD,261186,READY,
On Dangerous Ground by Jack Higgins Hardcover Sean Dillon Thriller,BK-HIGGINS-DANGEROUS,8.00,20.02,1,USED_GOOD,261186,READY,
Out of Our Past by Carl N. Degler Third Edition Paperback,BK-DEGLER-PAST,5.00,18.66,1,USED_GOOD,261186,READY,
DK Eyewitness Books Ancient China,BK-DK-ANCIENT-CHINA,10.00,19.88,1,USED_GOOD,261186,READY,
Pete the Cat Plays Hide-and-Seek by Kimberly & James Dean,BK-PETE-HIDE-SEEK,10.00,12.6,1,USED_GOOD,261186,READY,
Killing Lincoln by Bill O'Reilly & Martin Dugard Hardcover,BK-OREILLY-LINCOLN,8.00,19.84,1,USED_GOOD,261186,READY,
Rachael Ray 30-Minute Meals Paperback Cookbook,BK-RAY-30MIN,9.00,13.26,1,USED_GOOD,261186,READY,
Killing Patton by Bill O'Reilly & Martin Dugard Hardcover,BK-OREILLY-PATTON,9.00,20.1,1,USED_GOOD,261186,READY,
Jubilee & Josie R&B Vocal Groups Volume Two CD Orioles Charioteers Doo-Wop,CD-JUBILEE-JOSIE-V2,5.00,3.9,1,USED_GOOD,176984,NEEDS INFO,photo cd-jubilee-josie-rb-vocal-groups-v2-1000.webp is only 467px; eBay needs 500px+ - send a bigger photo
Big Boxed Special - Used Book / DVD / CD Bundle Lot - Sale,,10.00,,,,,SKIP,no photo; contents of the bundle unknown
Stir of Echoes DVD Kevin Bacon Supernatural Thriller,DVD-STIR-ECHOES,10.00,4.055,1,USED_GOOD,617,READY,
Mr. & Mrs. Smith DVD Widescreen Brad Pitt Angelina Jolie,DVD-MR-MRS-SMITH,7.00,4.545,1,USED_GOOD,617,READY,
Elvis Presley 2nd to None CD Greatest Hits,CD-ELVIS-2ND-TO-NONE,5.00,4.415,1,USED_GOOD,176984,READY,
Alicia Keys Songs in A Minor CD 2001,CD-KEYS-A-MINOR,5.00,3.53,1,USED_GOOD,176984,READY,
The Littlest Family's Big Day by Emily Winfield Martin Board Book,BK-LITTLEST-FAMILY,5.00,16.06,1,USED_GOOD,261186,READY,
Broken Little - Used Book - Memoir / Fiction - $5.00,,5.00,,,,,SKIP,no photo or author yet (owner weighed 'Broken Little Believer' at 17.34 oz)
Touch & Feel Ocean Friends Baby Board Book,BK-OCEAN-FRIENDS,7.00,11.52,1,USED_GOOD,261186,READY,
The 8th Confession by James Patterson & Maxine Paetro Paperback,BK-PATTERSON-8TH,8.00,7.14,1,USED_GOOD,261186,READY,
The Survivalist: Frontier Justice by Arthur T. Bradley Paperback,BK-BRADLEY-SURVIVALIST,8.00,11.96,1,USED_GOOD,261186,READY,
"Oh, the Places You'll Go! by Dr. Seuss Hardcover",BK-SEUSS-PLACES,10.00,13.38,1,USED_GOOD,261186,READY,
Getting to Maybe How to Excel on Law School Exams Fischl & Paul Paperback,BK-GETTING-TO-MAYBE,15.00,16.94,1,USED_GOOD,261186,READY,
The City of Ember Deluxe Edition by Jeanne DuPrau Paperback,BK-DUPRAU-EMBER,5.00,11.46,1,USED_GOOD,261186,READY,
Day of Reckoning by Jack Higgins Hardcover Sean Dillon Thriller,BK-HIGGINS-RECKONING,10.00,21.52,1,USED_GOOD,261186,READY,
True Blood The Complete First Season DVD Box Set HBO,DVD-TRUE-BLOOD-S1,5.00,14.64,1,USED_GOOD,617,READY,
God Bless This Mess by Hannah Brown Hardcover Memoir,BK-BROWN-MESS,5.00,16.9,1,USED_GOOD,261186,READY,
The Presence by John Saul Hardcover,BK-SAUL-PRESENCE,12.00,20.3,1,USED_GOOD,261186,READY,
A Framework for Understanding Poverty by Ruby K. Payne Paperback,BK-PAYNE-POVERTY,10.00,12.62,1,USED_GOOD,261186,READY,
Bill O'Reilly - Used Book - Book #2 - Bestselling History Series,,8.00,,,,,SKIP,no photo; exact book unknown
